make,model,mileage,fuel-type,first-registration,price,price_label,position,seller_name,seller_location,listing_zip_code,listing_url,title,drive_type,extended_range,car_type
ford,mustang mach-e,32230,e,07-2021,34990,top-price,1,CIAC Fordstore Gent Sterrenbeoordeling 4.5 van 5 (30),Ashlo Geerinck • BE-9050 Ledeberg,9050,https://www.autoscout24.be/nl/aanbod/ford-mustang-mach-e-99kwh-awd-extended-range-elektrisch-wit-9409fb61-cfa9-41e6-a79f-85a0a361f486,Ford Mustang Mach-E 99kWh AWD Extended Range,AWD,yes,Premium
ford,mustang mach-e,34800,e,09-2023,36950,top-price,2,VAMAUTO Sterrenbeoordeling 5 van 5 (343),Christa Vandecasteele • BE-8880 Sint-Eloois-Winkel,8880,https://www.autoscout24.be/nl/aanbod/ford-mustang-mach-e-76-kwh-awd-premium-standard-range-pano-memory-elektrisch-zwart-9352c5af-4781-4b26-ac24-9c82d9f4570d,Ford Mustang Mach-E 76 kWh AWD Premium Standard Range - Pano/Memory,AWD,no,Premium
ford,mustang mach-e,48217,e,03-2022,33500,good-price,3,Garage Feyaerts - Ford Sterrenbeoordeling 4.5 van 5 (16),Seger Gekiere • BE-3200 Aarschot,3200,https://www.autoscout24.be/nl/aanbod/ford-mustang-mach-e-rwd-76-kwh-269-pk-elektrisch-7d40100a-54fe-45e1-a526-cf30f3dab65b,Ford Mustang Mach-E RWD / 76 kWh / 269 PK!,RWD,no,unknown
ford,mustang mach-e,5,e,04-2025,65990,good-price,4,AB Automotive nv Sterrenbeoordeling 4.5 van 5 (19),BE-1800 Vilvoorde,1800,https://www.autoscout24.be/nl/aanbod/ford-mustang-mach-e-mach-e-gt-vapor-blue-elektrisch-blauw-70cc47ad-4a8a-4a8b-9eb2-35623c286621,Ford Mustang Mach-E * Mach E - GT - Vapor Blue *,unknown,unknown,GT
ford,mustang mach-e,31700,e,04-2022,32500,top-price,5,TR Premium Cars Sterrenbeoordeling 5 van 5 (44),Thibault Rasschaert • BE-9340 Lede,9340,https://www.autoscout24.be/nl/aanbod/ford-mustang-mach-e-76-kwh-l-awd-l-standard-range-l-b-o-l-elekt-stoel-elektrisch-zilver-7bdedd91-cc4d-49b8-b287-2e2388075ffe,Ford Mustang Mach-E 76 kWh l AWD l Standard Range l B&O l Elekt. Stoel,AWD,no,Premium
ford,mustang mach-e,39000,e,07-2021,31990,top-price,6,ARCADI CAR Sterrenbeoordeling 4.5 van 5 (40),Maxime Cornelis • BE-6180 Courcelles,6180,https://www.autoscout24.be/nl/aanbod/ford-mustang-mach-e-99-kwh-awd-extended-range-full-options-elektrisch-rood-18efd21b-f6e1-41f6-801d-805c8b9ef4c1,Ford Mustang Mach-E 99 kWh AWD Extended Range - Full options,AWD,yes,Premium
ford,mustang mach-e,61985,e,04-2022,29999,good-price,7,TR Premium Cars Sterrenbeoordeling 5 van 5 (44),Thibault Rasschaert • BE-9340 Lede,9340,https://www.autoscout24.be/nl/aanbod/ford-mustang-mach-e-76-kwh-l-awd-l-standard-range-l-b-o-l-elekt-stoel-elektrisch-zilver-ee858736-0650-4085-ae80-1b326f85b73e,Ford Mustang Mach-E 76 kWh l AWD l Standard Range l B&O l Elekt. Stoel,AWD,no,Premium
ford,mustang mach-e,49700,e,04-2022,30999,top-price,8,TR Premium Cars Sterrenbeoordeling 5 van 5 (44),Thibault Rasschaert • BE-9340 Lede,9340,https://www.autoscout24.be/nl/aanbod/ford-mustang-mach-e-76-kwh-l-awd-l-standard-range-l-b-o-l-dark-matter-elektrisch-grijs-7994bd84-d36a-43d2-bb8d-e0ac259882e9,Ford Mustang Mach-E 76 kWh l AWD l Standard Range l B&O l Dark Matter,AWD,no,Premium
ford,mustang mach-e,35500,e,02-2023,39000,good-price,9,Private Seller,Not specified,9820,https://www.autoscout24.be/nl/aanbod/ford-mustang-mach-e-mustang-mach-e-premium-elektrisch-zwart-28caaeae-5d0a-4b82-b4d3-1a4d15e41f0d,Ford Mustang Mach-E Mustang Mach-E PREMIUM,unknown,unknown,Premium
ford,mustang mach-e,88400,e,05-2021,26890,good-price,10,Spirit of Legend Cars Sterrenbeoordeling 4.5 van 5 (42),BE-5030 Gembloux,5030,https://www.autoscout24.be/nl/aanbod/ford-mustang-mach-e-99-kwh-rwd-premium-extended-range-b-o-acc-360-elektrisch-zwart-b7a64731-21c0-4498-891b-d19174d2a015,Ford Mustang Mach-E 99 kWh RWD Premium Extended Range B&O/ACC/360°,RWD,yes,Premium
ford,mustang mach-e,34631,e,06-2023,38945,toolow-price ,11,Van Mossel Used Cars Center Antwerpen Sterrenbeoordeling 5 van 5 (50),Van Mossel Used Cars Center Antwerpen • BE-2060 Antwerpen,2060,https://www.autoscout24.be/nl/aanbod/ford-mustang-mach-e-premium-awd-76kwh-pano-dak-navi-led-camera-elektrisch-blauw-b242f4b2-3f35-4db6-8f32-2622e26a14aa,Ford Mustang Mach-E Premium AWD 76kWh - Pano dak NAVI | LED | CAMERA |,AWD,no,Premium
ford,mustang mach-e,113347,e,06-2021,27900,top-price,12,FordStore Bilzen Sterrenbeoordeling 5 van 5 (23),Christophe de Schaetzen • BE-3740 Bilzen,3740,https://www.autoscout24.be/nl/aanbod/ford-mustang-mach-e-premium-99kw-extended-range-351pk-pano-dak-b-o-elektrisch-rood-ad826cf7-e907-4594-b194-a5c0b34a422f,Ford Mustang Mach-E Premium 99KW extended range 351PK Pano.Dak+B&O,unknown,yes,Premium
ford,mustang mach-e,39400,e,03-2022,30000,unknown,13,Private Seller,Not specified,1800,https://www.autoscout24.be/nl/aanbod/ford-mustang-mach-e-elektrisch-wit-1af4ee24-a9f7-434b-a0aa-f0cb50e1b271,Ford Mustang Mach-E,unknown,unknown,unknown
ford,mustang mach-e,64000,e,08-2021,30000,top-price,14,Private Seller,Not specified,3840,https://www.autoscout24.be/nl/aanbod/ford-mustang-mach-e-mustang-mach-e-awd-elektrisch-rood-f8cd4dbe-a674-447f-a9d3-52b31c27ae7f,Ford Mustang Mach-E Mustang Mach-E AWD,AWD,unknown,Premium
ford,mustang mach-e,34011,e,07-2021,34990,top-price,15,Garage Renault Tournai - GVOTREAUTO FROYENNES Sterrenbeoordeling 4.5 van 5 (71),François Desnouck • BE-7503 Tournai (Froyennes),7503,https://www.autoscout24.be/nl/aanbod/ford-mustang-mach-e-trend-rwd-294cv-610km-range-elektrisch-grijs-2e69fb4f-6b05-4d81-8278-75778eced47c,Ford Mustang Mach-E trend rwd 294cv 610km range,RWD,unknown,unknown
ford,mustang mach-e,31000,e,07-2021,29900,unknown,16,AutoScout24 Luxembourg,BE-6700 Arlon,6700,https://www.autoscout24.be/nl/aanbod/ford-mustang-mach-e-extended-range-99kwh-version-x-elektrisch-rood-00bb4725-f503-4e8f-be8d-4adf769ca2a1,Ford Mustang Mach-E Extended Range 99kWh Version X,unknown,yes,unknown
ford,mustang mach-e,72000,e,12-2021,33000,somewhat-expensive,17,Private Seller,Not specified,7334,https://www.autoscout24.be/nl/aanbod/ford-mustang-mach-e-99-kwh-rwd-extended-range-elektrisch-03018e06-9496-43ef-b95d-8e002826372c,Ford Mustang Mach-E 99 kWh RWD Extended Range,RWD,yes,unknown
ford,mustang mach-e,16900,e,03-2024,44950,top-price,18,VAMAUTO Sterrenbeoordeling 5 van 5 (343),Christa Vandecasteele • BE-8880 Sint-Eloois-Winkel,8880,https://www.autoscout24.be/nl/aanbod/ford-mustang-mach-e-99-kwh-awd-premium-extended-range-keyless-towbar-elektrisch-wit-fc94aa40-f7e2-4700-bb45-55afc4254c07,Ford Mustang Mach-E 99 kWh AWD Premium Extended Range - Keyless/Towbar,AWD,yes,Premium
ford,mustang mach-e,32759,e,06-2022,37990,good-price,19,Ford Unicars Kortrijk Sterrenbeoordeling 4.5 van 5 (2),Simon Ver Elst • BE-8500 Kortrijk,8500,https://www.autoscout24.be/nl/aanbod/ford-mustang-mach-e-91kwh-272kw-extended-range-premium-awd-elektrisch-rood-bcd1acca-05ad-495c-954c-d9858bdf67fd,Ford Mustang Mach-E 91kWh 272kW Extended Range Premium AWD,AWD,yes,Premium
ford,mustang mach-e,34800,e,09-2023,36950,top-price,21,VAMAUTO Sterrenbeoordeling 5 van 5 (343),Christa Vandecasteele • BE-8880 Sint-Eloois-Winkel,8880,https://www.autoscout24.be/nl/aanbod/ford-mustang-mach-e-76-kwh-awd-premium-standard-range-pano-memory-elektrisch-zwart-9352c5af-4781-4b26-ac24-9c82d9f4570d,Ford Mustang Mach-E 76 kWh AWD Premium Standard Range - Pano/Memory,AWD,no,Premium
ford,mustang mach-e,16032,e,10-2022,46490,top-price,22,FordStore Driesen Genk Sterrenbeoordeling 4.5 van 5 (24),Geert Nickmans • BE-3600 Genk,3600,https://www.autoscout24.be/nl/aanbod/ford-mustang-mach-e-gt-extended-range-elektrisch-zwart-13806ea8-8bad-4311-bf05-b89813f4cd42,Ford Mustang Mach-E GT extended Range,unknown,yes,GT
ford,mustang mach-e,41000,e,03-2022,30000,unknown,23,Private Seller,Not specified,1800,https://www.autoscout24.be/nl/aanbod/ford-mustang-mach-e-elektrisch-wit-e3494c9a-1b8e-4ae4-8bc2-b98a0f4a8eaa,Ford Mustang Mach-E,unknown,unknown,unknown
ford,mustang mach-e,7210,e,10-2021,36990,top-price,24,Waasland Automotive Beveren Sterrenbeoordeling 4.5 van 5 (2),Jonas Hoof • BE-9120 Beveren-Waas,9120,https://www.autoscout24.be/nl/aanbod/ford-mustang-mach-e-rwd-standard-range-76kwh-269pk-directiewagen-elektrisch-rood-88ed878b-c930-4903-8ec4-ea32f4743272,Ford Mustang Mach-E RWD Standard Range 76kWh - 269pk - Directiewagen!,RWD,no,unknown
ford,mustang mach-e,10126,e,03-2023,39990,top-price,25,Ford Unicars Brugge Sterrenbeoordeling 4 van 5 (5),Kris Durie • BE-8000 Brugge,8000,https://www.autoscout24.be/nl/aanbod/ford-mustang-mach-e-rwd-standard-range-76kwh-trekhaak-elektrisch-zwart-3e863e01-2117-44f1-81a5-1edc84e49d8f,Ford Mustang Mach-E RWD - Standard Range 76kWh - Trekhaak,RWD,no,unknown
ford,mustang mach-e,44342,e,05-2022,36900,good-price,26,FordStore Driesen Genk Sterrenbeoordeling 4.5 van 5 (24),Geert Nickmans • BE-3600 Genk,3600,https://www.autoscout24.be/nl/aanbod/ford-mustang-mach-e-99kwh-awd-371pk-bij-driesen-in-bree-089-461610-elektrisch-grijs-d62fd5de-df0a-4864-8783-59cb7eb46be3,Ford Mustang Mach-E 99kWh AWD 371PK BIJ DRIESEN IN BREE 089/461610,AWD,yes,Premium
ford,mustang mach-e,25402,e,06-2023,42950,top-price,27,Van Mossel Ford Zaventem Sterrenbeoordeling 3 van 5 (3),BE-1930 Zaventem,1930,https://www.autoscout24.be/nl/aanbod/ford-mustang-mach-e-premium-awd-99kwh-driving-assist-assist-500-range-elektrisch-wit-f6678892-5492-4ce9-a3e9-553f61c0e61d,Ford Mustang Mach-E Premium awd 99kwh|driving Assist assist|500 range,AWD,yes,Premium
ford,mustang mach-e,16369,e,06-2024,45490,top-price,28,Ford Unicars Kortrijk Sterrenbeoordeling 4.5 van 5 (2),Simon Ver Elst • BE-8500 Kortrijk,8500,https://www.autoscout24.be/nl/aanbod/ford-mustang-mach-e-91kwh-272kw-extended-range-premium-awd-elektrisch-rood-d6769664-df58-4026-9d84-d7885bbeb13d,Ford Mustang Mach-E 91kWh 272kW Extended Range Premium AWD,AWD,yes,Premium
ford,mustang mach-e,13000,e,05-2024,45000,top-price,29,Private Seller,Not specified,2460,https://www.autoscout24.be/nl/aanbod/ford-mustang-mach-e-mustang-mach-e-awd-premium-elektrisch-zwart-8cf1dd4f-1872-450b-9a1d-f5672196f91a,Ford Mustang Mach-E Mustang Mach-E AWD PREMIUM,AWD,unknown,Premium
ford,mustang mach-e,35000,e,01-2023,47000,top-price,30,Garage De Wispelaere AALTER - EEKLO Sterrenbeoordeling 5 van 5 (6),GARAGE DE WISPELAERE BVBA AALTER – EEKLO • BE-9880 Aalter,9880,https://www.autoscout24.be/nl/aanbod/ford-mustang-mach-e-91-kwh-awd-gt-elektrisch-zwart-344bed16-a1d9-46ae-8524-1cdf2a5c2a7e,Ford Mustang Mach-E 91 kWh AWD GT,AWD,unknown,GT
ford,mustang mach-e,19000,e,03-2023,43950,top-price,31,Private Seller,Not specified,1330,https://www.autoscout24.be/nl/aanbod/ford-mustang-mach-e-99-kwh-awd-gt-extended-range-full-options-elektrisch-grijs-a0a2796a-9efd-415e-a715-e5e6fa1299ab,Ford Mustang Mach-E 99+kWh+AWD+GT+Extended+Range FULL OPTIONS,AWD,yes,GT
ford,mustang mach-e,12606,e,04-2023,39999,top-price,32,Garage Herman Noyens Sterrenbeoordeling 4 van 5 (50),Herman Noyens • BE-2440 Geel,2440,https://www.autoscout24.be/nl/aanbod/ford-mustang-mach-e-base-elektrisch-zwart-647a704c-d2dc-497a-b48d-03ec0be62e19,Ford Mustang Mach-E Base,unknown,unknown,Base
ford,mustang mach-e,2238,e,11-2023,52750,top-price,33,Garage Feyaerts - Ford Sterrenbeoordeling 4.5 van 5 (16),Seger Gekiere • BE-3200 Aarschot,3200,https://www.autoscout24.be/nl/aanbod/ford-mustang-mach-e-gt-91-kwh-487-pk-full-option-elektrisch-ccdc6cff-c919-454c-b62c-9643a60dc75b,Ford Mustang Mach-E GT - 91 kWh - 487 PK - FULL OPTION!!,unknown,unknown,GT
ford,mustang mach-e,51000,e,04-2023,39000,good-price,34,Private Seller,Not specified,3550,https://www.autoscout24.be/nl/aanbod/ford-mustang-mach-e-mustang-mach-e-awd-premium-lr-elektrisch-rood-9b915700-4c6f-4279-91bd-63e8d492b9c1,Ford Mustang Mach-E Mustang Mach-E AWD PREMIUM LR,AWD,unknown,Premium
ford,mustang mach-e,6424,e,06-2022,39990,good-price,35,Waasland Automotive Beveren Sterrenbeoordeling 4.5 van 5 (2),Jonas Hoof • BE-9120 Beveren-Waas,9120,https://www.autoscout24.be/nl/aanbod/ford-mustang-mach-e-awd-standard-range-elektrisch-grijs-00d77da4-b9e5-4304-903c-bf44fe21d536,Ford Mustang Mach-E AWD Standard Range,AWD,no,Premium
ford,mustang mach-e,56000,e,05-2021,35000,good-price,36,Private Seller,Not specified,1150,https://www.autoscout24.be/nl/aanbod/ford-mustang-mach-e-99-kwh-awd-extended-range-full-options-elektrisch-a1ac71c4-df5a-4a0c-83f3-959e32c71f55,Ford Mustang Mach-E 99 kWh AWD Extended Range FULL OPTIONS,AWD,yes,Premium
ford,mustang mach-e,13675,e,04-2022,39750,good-price,37,Garage Feyaerts - Ford Sterrenbeoordeling 4.5 van 5 (16),Seger Gekiere • BE-3200 Aarschot,3200,https://www.autoscout24.be/nl/aanbod/ford-mustang-mach-e-awd-76kwh-standard-range-met-269-pk-elektrisch-b602964d-10b0-4fa4-a3a5-be3773405728,Ford Mustang Mach-E AWD 76kWh Standard Range met 269 PK,AWD,no,Premium
ford,mustang mach-e,42,e,new,59995,top-price,38,Ford - Garage Van Megroot nv Sterrenbeoordeling 5 van 5 (5),Kurt Van Megroot • BE-9185 Wachtebeke,9185,https://www.autoscout24.be/nl/aanbod/ford-mustang-mach-e-gt-awd-487pk-91kwh-ext-range-elektrisch-wit-171fdd66-4878-448b-bea1-f82246b77b06,Ford Mustang Mach-E GT AWD - 487pk - 91kWH ext range,AWD,yes,GT
ford,mustang mach-e,5,e,new,62900,top-price,39,Rousseau Sterrenbeoordeling 5 van 5 (25),Service Vente • BE-7520 Tournai et Mouscron,7520,https://www.autoscout24.be/nl/aanbod/ford-mustang-mach-e-gt-99kwh-autonomie-490km-wltp-new-toit-pano-elektrisch-grijs-ac60430c-0435-4f71-8e65-75fa7e5c3277,Ford Mustang Mach-E GT - 99kWh autonomie 490km WLTP - New - Toit pano,unknown,yes,GT
ford,mustang mach-e,33000,e,09-2022,46000,fair-price,40,Private Seller,Not specified,5336,https://www.autoscout24.be/nl/aanbod/ford-mustang-mach-e-mustang-mach-e-99-kwh-awd-gt-extended-range-elektrisch-oranje-01481fd6-560a-48d4-b195-14b015611f99,Ford Mustang Mach-E Mustang Mach-E 99 kWh AWD GT Extended Range,AWD,yes,GT
ford,mustang mach-e,48217,e,03-2022,33500,good-price,41,Garage Feyaerts - Ford Sterrenbeoordeling 4.5 van 5 (16),Seger Gekiere • BE-3200 Aarschot,3200,https://www.autoscout24.be/nl/aanbod/ford-mustang-mach-e-rwd-76-kwh-269-pk-elektrisch-7d40100a-54fe-45e1-a526-cf30f3dab65b,Ford Mustang Mach-E RWD / 76 kWh / 269 PK!,RWD,no,unknown
ford,mustang mach-e,26000,e,06-2022,43950,top-price,42,Dams Cars Sterrenbeoordeling 4.5 van 5 (10),XXX XXXXX • BE-2440 Geel,2440,https://www.autoscout24.be/nl/aanbod/ford-mustang-mach-e-99-kwh-awd-gt-487pk-26000km-elektrisch-blauw-235487e8-ba86-4cdf-b2be-b433087397e5,"Ford Mustang Mach-E 99 kWh AWD GT 487pk, 26000km",AWD,yes,GT
ford,mustang mach-e,24950,e,08-2021,38945,somewhat-expensive,43,Garage Teirlynck bvba Sterrenbeoordeling 5 van 5 (155),Karl Teirlynck • BE-8790 Waregem,8790,https://www.autoscout24.be/nl/aanbod/ford-mustang-mach-e-rwd-76kwh-269pk-full-option-08-2021-23000km-31952-elektrisch-zwart-de291b18-e778-45e1-8b0c-e1c98c2d4f14,Ford Mustang Mach-E RWD 76KWh 269pk Full Option 08/2021 23000km (31952,RWD,no,unknown
ford,mustang mach-e,35000,e,09-2023,43000,good-price,44,Matcars Waregem Sterrenbeoordeling 5 van 5 (5),Philippe Matthys • BE-8790 Waregem,8790,https://www.autoscout24.be/nl/aanbod/ford-mustang-mach-e-99-kwh-awd-premium-extended-range-elektrisch-grijs-9c032f23-1633-4f4d-ad59-dc4c05834347,Ford Mustang Mach-E 99 kWh AWD Premium Extended Range,AWD,yes,Premium
ford,mustang mach-e,18350,e,08-2023,46000,unknown,45,Ford - Garage Van Megroot nv Sterrenbeoordeling 5 van 5 (5),Kurt Van Megroot • BE-9185 Wachtebeke,9185,https://www.autoscout24.be/nl/aanbod/ford-mustang-mach-e-premium-awd-351pk-99kwh-ext-range-elektrisch-wit-5853b968-5865-41d0-806b-f8f6424e5a49,Ford Mustang Mach-E Premium AWD 351pk - 99kWh Ext range,AWD,yes,Premium
ford,mustang mach-e,30000,e,10-2023,39500,fair-price,46,Private Seller,Not specified,1410,https://www.autoscout24.be/nl/aanbod/ford-mustang-mach-e-mustang-mach-e-awd-premium-elektrisch-rood-f16ad074-167d-4894-84d5-bd8c20c125e2,Ford Mustang Mach-E Mustang Mach-E AWD PREMIUM,AWD,unknown,Premium
ford,mustang mach-e,2501,e,05-2025,59500,top-price,47,FordStore Driesen Genk Sterrenbeoordeling 4.5 van 5 (24),Geert Nickmans • BE-3600 Genk,3600,https://www.autoscout24.be/nl/aanbod/ford-mustang-mach-e-91-kwh-awd-gt-elektrisch-wit-8cfed6de-3afb-422e-9a40-c93696e3ee68,Ford Mustang Mach-E 91 kWh AWD GT,AWD,unknown,GT
ford,mustang mach-e,8000,e,04-2024,57500,unknown,48,Ford - Garage Van Megroot nv Sterrenbeoordeling 5 van 5 (5),Kurt Van Megroot • BE-9185 Wachtebeke,9185,https://www.autoscout24.be/nl/aanbod/ford-mustang-mach-e-gt-awd-358kw-487pk-91kwh-ext-range-elektrisch-zwart-7978101b-1028-4c29-ac8c-f18fddfc5c71,Ford Mustang Mach-E GT AWD 358kW-487pk 91kWh ext range,AWD,yes,GT
ford,mustang mach-e,7791,e,02-2022,39980,good-price,49,Garage Vanderborght bvba Sterrenbeoordeling 4.5 van 5 (42),Jurgen Vanderborght • BE-3110 Rotselaar,3110,https://www.autoscout24.be/nl/aanbod/ford-mustang-mach-e-standard-range-full-electric-slechts-7000km-elektrisch-rood-8a1f4cf8-eb0f-4bb6-82c2-28db6c37694f,Ford Mustang Mach-E STANDARD RANGE FULL ELECTRIC SLECHTS 7000KM,unknown,no,unknown
ford,mustang mach-e,10000,e,09-2024,53240,somewhat-expensive,50,CIAC Fordstore Gent Sterrenbeoordeling 4.5 van 5 (30),Ashlo Geerinck • BE-9050 Ledeberg,9050,https://www.autoscout24.be/nl/aanbod/ford-mustang-mach-e-awd-technologie-pack-garantie-tot-09-2028-elektrisch-rood-af0587a0-5207-4b3a-9dd2-d0878b5fb754,Ford Mustang Mach-E AWD - Technologie Pack - Garantie tot 09/2028,AWD,unknown,Premium
ford,mustang mach-e,13979,e,04-2022,39950,good-price,51,Rene Berghen Boutersem Sterrenbeoordeling 5 van 5 (4),Steven Berghen • BE-3370 Boutersem,3370,https://www.autoscout24.be/nl/aanbod/ford-mustang-mach-e-76-kwh-rwd-elektrisch-grijs-5d743d6e-0fda-4220-8f1e-64e0afd5e01e,Ford Mustang Mach-E 76 kWh RWD,RWD,no,unknown
ford,mustang mach-e,41200,e,08-2022,44470,unknown,52,AutoScout24 Luxembourg,BE-6700 Arlon,6700,https://www.autoscout24.be/nl/aanbod/ford-mustang-mach-e-mustang-mach-e-awd-gt-elektrisch-oranje-e85ea9fd-a3f8-4aa5-a3ae-514c4262635b,Ford Mustang Mach-E Mustang Mach-E AWD GT,AWD,unknown,GT
ford,mustang mach-e,15,e,new,60999,top-price,53,Van Mossel Fordstore Leuven Sterrenbeoordeling 5 van 5 (34),BE-3020 HERENT,3020,https://www.autoscout24.be/nl/aanbod/ford-mustang-mach-e-gt-extended-range-awd-pano-b-o-360-view-elektrisch-wit-edec0f31-984b-4fbd-aa8a-9fb0427596dc,Ford Mustang Mach-E GT Extended Range AWD - Pano - B&O - 360 view,AWD,yes,GT
ford,mustang mach-e,21207,e,04-2022,38950,fair-price,54,Van Mossel Ford Brasschaat Sterrenbeoordeling 5 van 5 (6),BE-2930 Brasschaat,2930,https://www.autoscout24.be/nl/aanbod/ford-mustang-mach-e-standard-range-awd-premium-elektrisch-zilver-62833a62-6e72-4287-a59e-29a2292f78d7,Ford Mustang Mach-E Standard Range AWD - Premium,AWD,no,Premium
ford,mustang mach-e,12615,e,03-2023,49500,top-price,55,Garage Herman Noyens Sterrenbeoordeling 4 van 5 (50),Herman Noyens • BE-2440 Geel,2440,https://www.autoscout24.be/nl/aanbod/ford-mustang-mach-e-gt-extended-range-elektrisch-grijs-7f3c9532-3c9a-46f8-8999-30b7db9287e4,Ford Mustang Mach-E GT extended Range,unknown,yes,GT
ford,mustang mach-e,12139,e,12-2022,44950,fair-price,56,Ford Vanspringel Automobiles S.A Sterrenbeoordeling 3.5 van 5 (7),BE-1300 Wavre,1300,https://www.autoscout24.be/nl/aanbod/ford-mustang-mach-e-91-kwh-premium-rwd-elektrisch-grijs-ba3c913b-447c-49b2-a3a6-e77b657eb0cd,Ford Mustang Mach-E 91 kWh Premium RWD,RWD,unknown,Premium
ford,mustang mach-e,21511,e,06-2022,47950,expensive,57,AB MOBILITY Sterrenbeoordeling 4.5 van 5 (2),Bart Engels • BE-9940 Evergem,9940,https://www.autoscout24.be/nl/aanbod/ford-mustang-mach-e-premium-awd-elektrisch-zilver-a0a986e6-1aa2-443d-9554-7061ff719bde,Ford Mustang Mach-E Premium AWD,AWD,unknown,Premium
ford,mustang mach-e,23296,e,02-2023,44490,good-price,58,Ford Unicars Oostende & Diksmuide Sterrenbeoordeling 4 van 5 (15),Thomas Vermeersch • BE-8400 Oostende - Diksmuide,8400,https://www.autoscout24.be/nl/aanbod/ford-mustang-mach-e-awd-extended-range-540-km-premium-99-kwh-elektrisch-wit-a42b9a0a-19ca-47f1-a83f-3f8594bb398e,Ford Mustang Mach-E AWD - Extended Range 540 km - Premium - 99 kWh,AWD,yes,Premium
ford,mustang mach-e,11110,e,10-2023,52990,good-price,59,Saint Nicolas Motor Ford Sterrenbeoordeling 5 van 5 (1),Marie L'hoest • BE-4000 Liège,4000,https://www.autoscout24.be/nl/aanbod/ford-mustang-mach-e-99-kwh-awd-gt-extended-range-elektrisch-rood-148b37c9-1fec-46e1-be76-ff2b1aacf6d2,Ford Mustang Mach-E 99 kWh AWD GT Extended Range,AWD,yes,GT
ford,mustang mach-e,9971,e,04-2023,48850,good-price,60,Garage Herman Noyens Sterrenbeoordeling 4 van 5 (50),Herman Noyens • BE-2440 Geel,2440,https://www.autoscout24.be/nl/aanbod/ford-mustang-mach-e-rwd-premium-elektrisch-geel-83a14db3-aa96-4c7b-87e5-5b335aa3ae57,Ford Mustang Mach-E RWD Premium,RWD,unknown,Premium
ford,mustang mach-e,5,e,04-2025,65990,good-price,61,AB Automotive nv Sterrenbeoordeling 4.5 van 5 (19),BE-1800 Vilvoorde,1800,https://www.autoscout24.be/nl/aanbod/ford-mustang-mach-e-mach-e-gt-vapor-blue-elektrisch-blauw-70cc47ad-4a8a-4a8b-9eb2-35623c286621,Ford Mustang Mach-E * Mach E - GT - Vapor Blue *,unknown,unknown,GT
ford,mustang mach-e,27585,e,12-2023,49950,expensive,62,Ford - Geeraerts N.V. Sterrenbeoordeling 4 van 5 (1),Marc Geeraerts • BE-1750 Lennik,1750,https://www.autoscout24.be/nl/aanbod/ford-mustang-mach-e-elektrisch-wit-5a5983ba-7688-4f53-9656-8a1426d7e720,Ford Mustang Mach-E,unknown,unknown,unknown
ford,mustang mach-e,93315,e,10-2021,36990,good-price,63,Garage Herman Noyens Sterrenbeoordeling 4 van 5 (50),Herman Noyens • BE-2440 Geel,2440,https://www.autoscout24.be/nl/aanbod/ford-mustang-mach-e-awd-elektrisch-zwart-92bf9735-f3d7-4c9b-8d14-958e5ec285ca,Ford Mustang Mach-E AWD,AWD,unknown,Premium
ford,mustang mach-e,1,e,new,63900,fair-price,64,Ford - Thoen Sterrenbeoordeling 4 van 5 (7),Mark De Vidts • BE-9300 Aalst,9300,https://www.autoscout24.be/nl/aanbod/ford-mustang-mach-e-99kwh-awd-gt-elektrisch-blauw-d766524a-e62a-42c1-b420-946029b45d0a,Ford Mustang Mach-E 99kWh AWD GT,AWD,yes,GT
ford,mustang mach-e,59570,e,11-2021,33900,unknown,65,AutoScout24 Luxembourg,BE-6700 Arlon,6700,https://www.autoscout24.be/nl/aanbod/ford-mustang-mach-e-rwd-76kwh-standard-range-258ch-190kw-a1-elektrisch-zwart-7fe0a2cb-336c-44b4-8911-3306e2b40f18,Ford Mustang Mach-E RWD 76kWh Standard Range 258ch/190kW - A1,RWD,no,unknown
ford,mustang mach-e,18125,e,12-2022,45000,top-price,66,Peerlings Automotive Sterrenbeoordeling 5 van 5 (32),Peerlings Automotive • BE-3900 Pelt,3900,https://www.autoscout24.be/nl/aanbod/ford-mustang-mach-e-99-kwh-premium-awd-elektrisch-rood-cba4e8b8-06a4-438c-b42a-b656445ff2a3,Ford Mustang Mach-E 99 kWh Premium AWD,AWD,yes,Premium
ford,mustang mach-e,21300,e,07-2022,54801,unknown,67,AutoScout24 Luxembourg,BE-6700 Arlon,6700,https://www.autoscout24.be/nl/aanbod/ford-mustang-mach-e-mach-e-gt-elektrisch-oranje-d46758c8-fd60-4dd8-abf0-e9c7fc37f579,Ford Mustang Mach-E Mach-E GT,unknown,unknown,GT
ford,mustang mach-e,13000,e,12-2022,59000,somewhat-expensive,68,Garage Vandeputte BV Sterrenbeoordeling 3 van 5 (1),Steven Vandeputte • BE-8552 Moen,8552,https://www.autoscout24.be/nl/aanbod/ford-mustang-mach-e-99-kwh-awd-extended-range-gt-elektrisch-blauw-a9996d09-1180-477d-a16b-d5e61b698f21,Ford Mustang Mach-E 99 kWh AWD Extended Range GT,AWD,yes,GT
ford,mustang mach-e,25974,e,10-2021,40322,unknown,69,AutoScout24 Luxembourg,BE-6700 Arlon,6700,https://www.autoscout24.be/nl/aanbod/ford-mustang-mach-e-mach-e-first-edition-elektrisch-rood-ceeb4dbe-762a-402a-bd45-b10be5db5b8c,Ford Mustang Mach-E Mach-E First Edition,unknown,unknown,unknown
ford,mustang mach-e,18700,e,01-2024,44500,fair-price,70,Car Company BV Sterrenbeoordeling 5 van 5 (397),Geert Willaert • BE-8830 Gits (Hooglede),8830,https://www.autoscout24.be/nl/aanbod/ford-mustang-mach-e-76-kwh-rwd-leder-gps-360cam-panodak-dab-led-elektrisch-grijs-7bdef097-ab21-4423-91af-8bdde2281941,Ford Mustang Mach-E 76 kWh RWD*LEDER*GPS*360°CAM*PANODAK*DAB*LED,RWD,no,unknown
ford,mustang mach-e,22000,e,05-2024,47795,fair-price,71,Garage Feyaerts NV Sterrenbeoordeling 4 van 5 (10),Eli Michiels • BE-3150 Haacht,3150,https://www.autoscout24.be/nl/aanbod/ford-mustang-mach-e-demowagen-premium-rwd-99kwh-carbonized-grey-elektrisch-ef3167db-5491-426a-b4fb-1ceb92f944f9,Ford Mustang Mach-E DEMOWAGEN*PREMIUM RWD 99KWH*CARBONIZED GREY,RWD,yes,Premium
ford,mustang mach-e,7500,e,09-2023,48000,good-price,72,Van Mossel Ford Brasschaat Sterrenbeoordeling 5 van 5 (6),BE-2930 Brasschaat,2930,https://www.autoscout24.be/nl/aanbod/ford-mustang-mach-e-76kwh-awd-premium-pano-camera-elektrisch-wit-e0c776a2-ba1b-44e8-b5a8-3cbb271a6756,Ford Mustang Mach-E 76kWh AWD Premium - Pano - Camera,AWD,no,Premium
ford,mustang mach-e,5,e,04-2025,65990,top-price,73,AB Automotive nv Sterrenbeoordeling 4.5 van 5 (19),BE-1800 Vilvoorde,1800,https://www.autoscout24.be/nl/aanbod/ford-mustang-mach-e-mach-e-gt-carbonized-grey-elektrisch-grijs-cb0ab8dc-2d7f-425b-aac2-276c630193a0,Ford Mustang Mach-E * Mach E - GT - Carbonized grey *,unknown,unknown,GT
ford,mustang mach-e,31520,e,06-2021,49630,unknown,74,AutoScout24 Luxembourg,BE-6700 Arlon,6700,https://www.autoscout24.be/nl/aanbod/ford-mustang-mach-e-mach-e-elektrisch-zwart-64a08078-89f4-4e0b-b749-71d5843e5f7a,Ford Mustang Mach-E Mach-E,unknown,unknown,unknown
ford,mustang mach-e,34926,e,12-2022,44900,somewhat-expensive,75,FordStore Bilzen Sterrenbeoordeling 5 van 5 (23),Christophe de Schaetzen • BE-3740 Bilzen,3740,https://www.autoscout24.be/nl/aanbod/ford-mustang-mach-e-premium-awd-extended-range-99kwh-demo-wagen-tec-elektrisch-wit-a63908f9-ba35-4411-834a-610b798c19b4,Ford Mustang Mach-E Premium AWD Extended Range 99KWh Demo wagen // Tec,AWD,yes,Premium
ford,mustang mach-e,25800,e,01-2023,49000,expensive,76,Private Seller,Not specified,8670,https://www.autoscout24.be/nl/aanbod/ford-mustang-mach-e-premium-99kwh-elektrisch-44058d03-d61d-428f-b769-dc466bda46d1,Ford Mustang Mach-E PREMIUM 99kwh,unknown,yes,Premium
ford,mustang mach-e,15,e,01-2024,61299,good-price,77,Van Mossel Ford Brasschaat Sterrenbeoordeling 5 van 5 (6),BE-2930 Brasschaat,2930,https://www.autoscout24.be/nl/aanbod/ford-mustang-mach-e-gt-extended-range-awd-pano-b-o-360-view-elektrisch-grijs-fe9d695e-3a61-49a9-a765-f40b7b7d8230,Ford Mustang Mach-E GT Extended Range AWD - Pano - B&O - 360 view,AWD,yes,GT
ford,mustang mach-e,15062,e,03-2022,42500,fair-price,78,Garage Teirlynck bvba Sterrenbeoordeling 5 van 5 (155),Karl Teirlynck • BE-8790 Waregem,8790,https://www.autoscout24.be/nl/aanbod/ford-mustang-mach-e-rwd-76kwh-269pk-full-option-22-15000km-54786-elektrisch-rood-3e463e09-2df5-47e7-9cee-99f3c4f9774d,Ford Mustang Mach-E RWD 76KWh 269pk Full Option '22 15000km (54786),RWD,no,unknown
ford,mustang mach-e,30075,e,04-2023,44500,fair-price,79,Ford Unicars Roeselare en Ieper Sterrenbeoordeling 5 van 5 (4),Robbe Depoorter • BE-8800 Roeselare,8800,https://www.autoscout24.be/nl/aanbod/ford-mustang-mach-e-91kwh-272kw-extended-range-premium-awd-elektrisch-wit-40ac270d-a425-4faf-9cc7-386948af7451,Ford Mustang Mach-E 91kWh 272kW Extended Range Premium AWD,AWD,yes,Premium
ford,mustang mach-e,38130,e,09-2022,47490,fair-price,80,Jaguar Land Rover Liège Sterrenbeoordeling 5 van 5 (12),François Randaxhe • BE-4671 Barchon,4671,https://www.autoscout24.be/nl/aanbod/ford-mustang-mach-e-gt-4x4-awd-approved-elektrisch-grijs-42db8ed9-b559-4db8-b365-455083bbc458,Ford Mustang Mach-E GT-4x4-AWD-Approved,AWD,yes,GT
ford,mustang mach-e,19843,e,01-2023,46435,unknown,81,AutoScout24 Luxembourg,BE-6700 Arlon,6700,https://www.autoscout24.be/nl/aanbod/ford-mustang-mach-e-awd-99kwh-extended-range-351ch-a1-gar-12-2030-elektrisch-blauw-69fbb1f7-f70a-447c-913b-d8d24de5eb8a,Ford Mustang Mach-E AWD 99kWh Extended Range 351ch-A1 GAR 12/2030,AWD,yes,Premium
ford,mustang mach-e,10000,e,06-2024,62950,somewhat-expensive,82,Van Mossel Fordstore Leuven Sterrenbeoordeling 5 van 5 (34),BE-3020 HERENT,3020,https://www.autoscout24.be/nl/aanbod/ford-mustang-mach-e-premium-ext-range-awd-b-o-camera-360-elektrisch-grijs-e3beffcd-a3d7-475a-8e7f-32a7fedba0fa,Ford Mustang Mach-E PREMIUM Ext. Range AWD - B&O - Camera 360,AWD,yes,Premium
ford,mustang mach-e,88733,e,08-2021,32950,expensive,83,Garage Boes & Zn Sterrenbeoordeling 3.5 van 5 (3),Frank Boes • BE-3830 WELLEN,3830,https://www.autoscout24.be/nl/aanbod/ford-mustang-mach-e-elektrisch-grijs-52078dc2-828e-4190-9f0a-fcf6bf7f7aee,Ford Mustang Mach-E,unknown,unknown,unknown
ford,mustang mach-e,28900,e,06-2023,57950,fair-price,84,Van Mossel Ford Deurne Sterrenbeoordeling 5 van 5 (13),BE-2100 Deurne,2100,https://www.autoscout24.be/nl/aanbod/ford-mustang-mach-e-gt-awd-99kwh-489pk-490km-range-elektrisch-grijs-dce2b2e2-6e85-44ee-9ec2-431a41ffb3b4,Ford Mustang Mach-E GT AWD 99kWh - 489pk - 490km Range -,AWD,yes,GT
ford,mustang mach-e,10000,e,04-2025,59950,somewhat-expensive,85,Van Mossel Fordstore Wilrijk Sterrenbeoordeling 4.5 van 5 (5),Leo Deprince • BE-2610 Antwerpen,2610,https://www.autoscout24.be/nl/aanbod/ford-mustang-mach-e-99kwh-216kw-extended-range-premium-rwd-elektrisch-groen-a1bcb188-ca6f-42b9-bfe8-c47cd7d208bb,Ford Mustang Mach-E 99kWh 216kW Extended Range Premium RWD,RWD,yes,Premium
ford,mustang mach-e,39321,e,06-2021,42298,unknown,86,AutoScout24 Luxembourg,BE-6700 Arlon,6700,https://www.autoscout24.be/nl/aanbod/ford-mustang-mach-e-awd-99kwh-extended-range-351cv-258kw-a1-elektrisch-grijs-d8e60a0f-0f74-4ae0-babc-0b3c00851f3d,Ford Mustang Mach-E AWD 99kWh Extended Range 351CV/258kW - A1,AWD,yes,Premium
ford,mustang mach-e,21710,e,10-2023,56000,expensive,87,Ford Unicars Brugge Sterrenbeoordeling 4 van 5 (5),Kris Durie • BE-8000 Brugge,8000,https://www.autoscout24.be/nl/aanbod/ford-mustang-mach-e-premium-rwd-long-range-99-kwh-294pk-elektrisch-blauw-42643048-bcf1-4dea-92fe-cdbb4091e8a8,Ford Mustang Mach-E Premium RWD - Long Range 99 kWh - 294PK,RWD,yes,Premium
ford,mustang mach-e,35201,e,09-2022,42990,fair-price,88,Ford Unicars Roeselare en Ieper Sterrenbeoordeling 5 van 5 (4),Robbe Depoorter • BE-8800 Roeselare,8800,https://www.autoscout24.be/nl/aanbod/ford-mustang-mach-e-rwd-er-99kw-294pk-600km-bereik-btw-wagen-elektrisch-a6826987-f595-46a3-889a-8e5c71cdab6c,Ford Mustang Mach-E RWD ER - 99kW - 294pk - 600km bereik - BTW wagen,RWD,yes,unknown
ford,mustang mach-e,15333,e,06-2024,56990,unknown,89,Ford Unicars Oostende & Diksmuide Sterrenbeoordeling 4 van 5 (15),Thomas Vermeersch • BE-8400 Oostende - Diksmuide,8400,https://www.autoscout24.be/nl/aanbod/ford-mustang-mach-e-premium-99kwh-258kw-extended-range-awd-elektrisch-5488dffa-f5a2-4c7a-addb-f701f72d0745,Ford Mustang Mach-E premium 99kWh 258kW Extended Range AWD,AWD,yes,Premium
ford,mustang mach-e,26070,e,01-2023,45900,unknown,90,AutoScout24 Luxembourg,BE-6700 Arlon,6700,https://www.autoscout24.be/nl/aanbod/ford-mustang-mach-e-awd-99kwh-extended-range-351cv-258kw-a1-gar-0182-elektrisch-wit-dd61f743-6158-40ce-a231-6487a8bd499b,Ford Mustang Mach-E AWD 99kWh Extended Range 351cv/258kW - A1 GAR 0182,AWD,yes,Premium
ford,mustang mach-e,12199,e,06-2023,62490,expensive,91,Garage Steveny Sterrenbeoordeling 4.5 van 5 (12),BE-5004 Bouge,5004,https://www.autoscout24.be/nl/aanbod/ford-mustang-mach-e-gt-99-kwh-awd-extended-range-487cv-led-camera-360-elektrisch-geel-21b14546-17c0-4311-ba73-08804afdc897,Ford Mustang Mach-E GT 99 kWh AWD Extended Range 487CV*LED*CAMERA 360*,AWD,yes,GT
ford,mustang mach-e,50000,e,09-2023,74451,unknown,92,AutoScout24 Luxembourg,BE-6700 Arlon,6700,https://www.autoscout24.be/nl/aanbod/ford-mustang-mach-e-gt-elektrisch-wit-9bdd0d35-7fd5-4bec-9cb4-f83d131354ab,Ford Mustang Mach-E GT,unknown,unknown,GT
ford,mustang mach-e,9989,e,03-2024,53500,fair-price,93,Rousseau Sterrenbeoordeling 5 van 5 (25),Service Vente • BE-7520 Tournai et Mouscron,7520,https://www.autoscout24.be/nl/aanbod/ford-mustang-mach-e-premium-rwd-99kwh-autonomie-600-km-new-elektrisch-blauw-9e624f00-60ac-4745-9b86-6e938aed22af,Ford Mustang Mach-E Premium RWD - 99kWh -autonomie 600 km - NEW,RWD,yes,Premium
ford,mustang mach-e,31095,e,08-2021,57500,unknown,94,Garage Vandeputte BV Sterrenbeoordeling 3 van 5 (1),Steven Vandeputte • BE-8552 Moen,8552,https://www.autoscout24.be/nl/aanbod/ford-mustang-mach-e-99-kwh-awd-extended-range-elektrisch-grijs-91761e51-d5f5-4d07-84fa-688816807493,Ford Mustang Mach-E 99 kWh AWD Extended Range,AWD,yes,Premium
ford,mustang mach-e,55000,e,06-2021,43332,unknown,95,AutoScout24 Luxembourg,BE-6700 Arlon,6700,https://www.autoscout24.be/nl/aanbod/ford-mustang-mach-e-premium-elektrisch-grijs-05dfe5d5-2ed2-4363-aad4-ea37076542ff,Ford Mustang Mach-E Premium,unknown,unknown,Premium
ford,mustang mach-e,46205,e,02-2023,50600,fair-price,96,Peerlings Automotive Sterrenbeoordeling 5 van 5 (32),Peerlings Automotive • BE-3900 Pelt,3900,https://www.autoscout24.be/nl/aanbod/ford-mustang-mach-e-91-kwh-awd-gt-elektrisch-wit-25f4e532-45e7-412a-a771-28b13bb44f98,Ford Mustang Mach-E 91 kWh AWD GT,AWD,unknown,GT
ford,mustang mach-e,28963,e,09-2022,49990,expensive,97,Ford Unicars Roeselare en Ieper Sterrenbeoordeling 5 van 5 (4),Robbe Depoorter • BE-8800 Roeselare,8800,https://www.autoscout24.be/nl/aanbod/ford-mustang-mach-e-rwd-er-99kw-294pk-600km-bereik-btw-wagen-elektrisch-zilver-27e0133a-7208-453d-a4c9-95c7f34b0f77,Ford Mustang Mach-E RWD ER - 99kW - 294pk - 600km bereik - BTW wagen,RWD,yes,unknown
ford,mustang mach-e,40,e,12-2023,56900,fair-price,98,Rousseau Sterrenbeoordeling 5 van 5 (25),Service Vente • BE-7520 Tournai et Mouscron,7520,https://www.autoscout24.be/nl/aanbod/ford-mustang-mach-e-premium-rwd-99kwh-autonomie-600-km-new-elektrisch-oranje-2e22fe24-2746-45b9-89bf-c4d0e50ed030,Ford Mustang Mach-E Premium RWD - 99kWh -autonomie 600 km - NEW,RWD,yes,Premium
ford,mustang mach-e,14575,e,08-2022,49990,expensive,99,Garage Steveny Sterrenbeoordeling 4.5 van 5 (12),BE-5004 Bouge,5004,https://www.autoscout24.be/nl/aanbod/ford-mustang-mach-e-99-kwh-rwd-extended-range-elektrisch-grijs-302c3dbb-3487-42bf-a31e-c7c51c1c7e3d,Ford Mustang Mach-E 99 kWh RWD Extended Range,RWD,yes,unknown
ford,mustang mach-e,5010,e,04-2023,66450,fair-price,100,BVBA Garage Trading Sterrenbeoordeling 5 van 5 (40),Jens Verbesselt • BE-1830 Machelen,1830,https://www.autoscout24.be/nl/aanbod/ford-mustang-mach-e-gt-490-pk-extended-range-panoramic-roof-cy-elektrisch-geel-7ae8f42c-7e9e-4de3-ae90-d1a775ef637f,Ford Mustang Mach-E GT / 490 PK / Extended Range / Panoramic Roof / Cy,unknown,yes,GT
ford,mustang mach-e,23024,e,06-2023,51990,expensive,101,Ford Unicars Brugge Sterrenbeoordeling 4 van 5 (5),Kris Durie • BE-8000 Brugge,8000,https://www.autoscout24.be/nl/aanbod/ford-mustang-mach-e-awd-extended-range-351pk-garantie-elektrisch-wit-7f68e4d8-0c89-49c2-8644-345cb2638d5d,Ford Mustang Mach-E AWD - Extended Range - 351PK - GARANTIE,AWD,yes,Premium
ford,mustang mach-e,31806,e,05-2022,43332,unknown,102,AutoScout24 Luxembourg,BE-6700 Arlon,6700,https://www.autoscout24.be/nl/aanbod/ford-mustang-mach-e-rwd-99kwh-extended-range-294ch-216kw-gar-06-2030-elektrisch-blauw-1ad110b2-5e7e-4573-adca-912ed73db66e,Ford Mustang Mach-E RWD 99kWh Extended Range 294ch/216kW - GAR 06/2030,RWD,yes,unknown
ford,mustang mach-e,4,e,new,68256,unknown,103,AutoScout24 Luxembourg,BE-6700 Arlon,6700,https://www.autoscout24.be/nl/aanbod/ford-mustang-mach-e-gt-99kwh-extended-range-487ch-258kw-a1-elektrisch-wit-19e1535c-7a67-4b80-a9c0-78c9cc24bd7a,Ford Mustang Mach-E GT 99kWh Extended Range 487ch/258kW - A1,unknown,yes,GT
ford,mustang mach-e,1,e,04-2023,48900,fair-price,104,Ford Matel Motors,Busato Steven • BE-4100 Seraing,4100,https://www.autoscout24.be/nl/aanbod/ford-mustang-mach-e-76-kwh-rwd-standard-range-elektrisch-wit-5b431aa9-8066-4334-b8eb-db4d6c0b84fb,Ford Mustang Mach-E 76 kWh RWD Standard Range,RWD,no,unknown
ford,mustang mach-e,19975,e,12-2021,49990,expensive,105,Garage Steveny Sterrenbeoordeling 4.5 van 5 (12),BE-5004 Bouge,5004,https://www.autoscout24.be/nl/aanbod/ford-mustang-mach-e-range-99-kwh-rwd-extended-294cv-gps-toit-pano-elektrisch-zilver-d2ecff59-47b7-4f22-ae62-a6136a7c97e0,Ford Mustang Mach-E Range 99 kWh RWD Extended 294CV *GPS*TOIT PANO*,RWD,yes,unknown
ford,mustang mach-e,12713,e,10-2023,54998,expensive,106,Garage Steveny Sterrenbeoordeling 4.5 van 5 (12),BE-5004 Bouge,5004,https://www.autoscout24.be/nl/aanbod/ford-mustang-mach-e-premium-99-kwh-rwd-294cv-extended-range-elektrisch-wit-10b42b13-db4a-4e9e-9c9c-8d686b4c19c2,Ford Mustang Mach-E Premium 99 kWh RWD 294CV Extended Range,RWD,yes,Premium
ford,mustang mach-e,41900,e,07-2022,42990,somewhat-expensive,107,AB Automotive nv Sterrenbeoordeling 4.5 van 5 (19),BE-1800 Vilvoorde,1800,https://www.autoscout24.be/nl/aanbod/ford-mustang-mach-e-mach-e-rwd-full-option-elektrisch-zwart-3c75b65e-a115-46ab-a58e-d3a1a278a1a5,Ford Mustang Mach-E * MACH E - RWD - Full OPTION *,RWD,unknown,unknown
ford,mustang mach-e,unknown,e,new,50531,unknown,108,AutoScout24 Luxembourg,BE-6700 Arlon,6700,https://www.autoscout24.be/nl/aanbod/ford-mustang-mach-e-base-72kwh-standard-range-lfp-269ch-198kw-a1-elektrisch-wit-0748d9e9-b707-4b7d-8fa5-afcf4fc39227,Ford Mustang Mach-E Base 72kWh Standard Range LFP 269ch/198kW - A1,unknown,no,Base
ford,mustang mach-e,5,e,new,58900,fair-price,109,Hasselt Motor NV De Schaetzen Sterrenbeoordeling 4.5 van 5 (30),Christophe De Schaetzen • BE-3500 Hasselt,3500,https://www.autoscout24.be/nl/aanbod/ford-mustang-mach-e-99kwh-extended-range-awd-elektrisch-rood-33b03869-b992-4b84-9380-182714bb201c,Ford Mustang Mach-E 99KWH-Extended Range AWD,AWD,yes,Premium
ford,mustang mach-e,43,e,03-2023,51605,unknown,110,AutoScout24 Luxembourg,BE-6700 Arlon,6700,https://www.autoscout24.be/nl/aanbod/ford-mustang-mach-e-premium-awd-76kwh-standard-range-269cv-198kw-a1-elektrisch-zwart-cf73ed97-e52e-43e7-816d-6e05d309c094,Ford Mustang Mach-E Premium AWD 76kWh Standard Range 269CV/198kW - A1,AWD,no,Premium
ford,mustang mach-e,10188,e,01-2024,47805,unknown,111,AutoScout24 Luxembourg,BE-6700 Arlon,6700,https://www.autoscout24.be/nl/aanbod/ford-mustang-mach-e-base-72kwh-standard-range-lfp-269ch-198kw-a1-gar-elektrisch-zwart-cf174cf9-f7cb-463f-a30f-98739ec023e8,Ford Mustang Mach-E Base 72kWh Standard Range LFP 269ch/198kW - A1 GAR,unknown,no,Base
ford,mustang mach-e,19357,e,08-2021,50000,somewhat-expensive,112,Ford Unicars Roeselare en Ieper Sterrenbeoordeling 5 van 5 (4),Robbe Depoorter • BE-8800 Roeselare,8800,https://www.autoscout24.be/nl/aanbod/ford-mustang-mach-e-awd-extended-range-550km-rijbereik-elektrisch-rood-84fddbb3-1b3b-48a1-9750-5e692d4f058b,Ford Mustang Mach-E AWD - Extended Range - 550km rijbereik,AWD,yes,Premium
ford,mustang mach-e,17500,e,06-2023,57950,expensive,113,Van Mossel Ford Brasschaat Sterrenbeoordeling 5 van 5 (6),BE-2930 Brasschaat,2930,https://www.autoscout24.be/nl/aanbod/ford-mustang-mach-e-premium-awd-99kwh-635-m-b-o-sound-driving-assist-elektrisch-zwart-d9c5470b-8bc2-423e-a8c3-4e67238f2156,Ford Mustang Mach-E Premium AWD 99kWH|€635/m|B/O Sound|Driving Assist,AWD,yes,Premium
ford,mustang mach-e,13000,e,09-2023,59950,fair-price,114,Van Mossel Ford Deurne Sterrenbeoordeling 5 van 5 (13),BE-2100 Deurne,2100,https://www.autoscout24.be/nl/aanbod/ford-mustang-mach-e-gt-extended-awd-98-kwh-487pk-pano-elektrisch-blauw-8b0950a0-38de-4798-84fa-82cf5f64e9ca,Ford Mustang Mach-E GT Extended AWD 98 kWh - 487PK - Pano,AWD,yes,GT
ford,mustang mach-e,23000,e,02-2023,55660,unknown,115,Ford Unicars Roeselare en Ieper Sterrenbeoordeling 5 van 5 (4),Robbe Depoorter • BE-8800 Roeselare,8800,https://www.autoscout24.be/nl/aanbod/ford-mustang-mach-e-rwd-standard-range-full-option-directiewagen-elektrisch-rood-a6e352d1-a5c9-4970-93d1-e7d6f7fef4cc,Ford Mustang Mach-E RWD - Standard Range - Full option - Directiewagen,RWD,no,unknown
ford,mustang mach-e,41,e,12-2022,74500,somewhat-expensive,116,Hasselt Motor NV De Schaetzen Sterrenbeoordeling 4.5 van 5 (30),Christophe De Schaetzen • BE-3500 Hasselt,3500,https://www.autoscout24.be/nl/aanbod/ford-mustang-mach-e-99-kwh-awd-gt-elektrisch-zwart-fd4313d1-5ee7-4c6d-8585-0adc3fa6ee61,Ford Mustang Mach-E 99 kWh AWD GT,AWD,yes,GT
ford,mustang mach-e,37500,e,06-2023,54350,expensive,117,Van Mossel Ford Brasschaat Sterrenbeoordeling 5 van 5 (6),BE-2930 Brasschaat,2930,https://www.autoscout24.be/nl/aanbod/ford-mustang-mach-e-premium-rwd-99kwh-technology-pack-600-range-elektrisch-rood-f3814000-0d9d-4db2-a959-e99dfbee991c,Ford Mustang Mach-E Premium RWD 99kWH|Technology Pack|600 Range,RWD,yes,Premium
ford,mustang mach-e,unknown,e,new,54346,unknown,118,AutoScout24 Luxembourg,BE-6700 Arlon,6700,https://www.autoscout24.be/nl/aanbod/ford-mustang-mach-e-base-elektrisch-wit-621f7668-4e24-49ef-a04b-c006b7475876,Ford Mustang Mach-E Base,unknown,unknown,Base
ford,mustang mach-e,13000,e,10-2022,62900,fair-price,119,BOMBOIR S.A FORD BASTOGNE Sterrenbeoordeling 4.5 van 5 (25),Francis Bomboir • BE-6600 Bastogne,6600,https://www.autoscout24.be/nl/aanbod/ford-mustang-mach-e-99-kwh-awd-extended-range-gt-full-option-elektrisch-grijs-57aa6bb1-e9d4-4eb7-85b3-12d4d0702d27,Ford Mustang Mach-E 99 kWh AWD Extended Range GT .. FULL OPTION ..,AWD,yes,GT
ford,mustang mach-e,45000,e,10-2023,55525,unknown,120,AutoScout24 Luxembourg,BE-6700 Arlon,6700,https://www.autoscout24.be/nl/aanbod/ford-mustang-mach-e-premium-elektrisch-zwart-b87bf66c-3f92-40a1-be83-55810af8c3b2,Ford Mustang Mach-E Premium,unknown,unknown,Premium
ford,mustang mach-e,20079,e,01-2021,55990,expensive,121,Jaguar Land Rover Liège Sterrenbeoordeling 5 van 5 (12),François Randaxhe • BE-4671 Barchon,4671,https://www.autoscout24.be/nl/aanbod/ford-mustang-mach-e-mach-e-4x4-awd-elektrisch-rood-64c22c0e-003f-4c83-a029-244e6bfcf3a6,Ford Mustang Mach-E Mach E*4x4*AWD,AWD,yes,Premium
ford,mustang mach-e,19895,e,09-2021,49990,somewhat-expensive,122,Garage Steveny Sterrenbeoordeling 4.5 van 5 (12),BE-5004 Bouge,5004,https://www.autoscout24.be/nl/aanbod/ford-mustang-mach-e-extended-range-99kwh-awd-gps-toit-pano-cuir-ja19-elektrisch-grijs-bf7ed8f2-3d1d-4583-94ef-ddb2b96aa2ed,Ford Mustang Mach-E Extended Range 99kWh AWD *GPS*TOIT PANO*CUIR*JA19*,AWD,yes,Premium
ford,mustang mach-e,13625,e,06-2023,52990,somewhat-expensive,123,Jaguar Land Rover Liège Sterrenbeoordeling 5 van 5 (12),François Randaxhe • BE-4671 Barchon,4671,https://www.autoscout24.be/nl/aanbod/ford-mustang-mach-e-99kwh-premium-rwd-extended-ran-elektrisch-zwart-1ef6f9ec-bbec-4a74-bfcb-42ef343bc196,Ford Mustang Mach-E 99KWH-Premium RWD Extended Ran,RWD,yes,Premium
ford,mustang mach-e,40000,e,03-2023,50364,unknown,124,AutoScout24 Luxembourg,BE-6700 Arlon,6700,https://www.autoscout24.be/nl/aanbod/ford-mustang-mach-e-first-edition-elektrisch-wit-f5bcb8b5-d5f9-4020-9298-45c0d5fb664c,Ford Mustang Mach-E First Edition,unknown,unknown,unknown
ford,mustang mach-e,4,e,new,57842,unknown,125,AutoScout24 Luxembourg,BE-6700 Arlon,6700,https://www.autoscout24.be/nl/aanbod/ford-mustang-mach-e-premium-awd-99kwh-extended-range-351ch-258kw-a1-elektrisch-wit-a0baeebb-ee98-4411-b439-010fc86a7891,Ford Mustang Mach-E Premium AWD 99kWh Extended Range 351ch/258kW - A1,AWD,yes,Premium
ford,mustang mach-e,14325,e,06-2021,49990,somewhat-expensive,126,Garage Steveny Sterrenbeoordeling 4.5 van 5 (12),BE-5004 Bouge,5004,https://www.autoscout24.be/nl/aanbod/ford-mustang-mach-e-99kwh-extended-range-351cv-awd-gps-cuir-toit-pano-elektrisch-blauw-02ac473c-d9ff-446c-b62b-334dcd8f6478,Ford Mustang Mach-E 99kWh Extended Range 351CV AWD*GPS*CUIR*TOIT PANO*,AWD,yes,Premium
ford,mustang mach-e,20251,e,01-2024,60990,fair-price,127,AB Automotive nv Sterrenbeoordeling 4.5 van 5 (19),BE-1800 Vilvoorde,1800,https://www.autoscout24.be/nl/aanbod/ford-mustang-mach-e-mach-e-gt-demo-wagen-elektrisch-grijs-94980b03-f631-4c48-96d1-d91adf0e8cc6,Ford Mustang Mach-E * Mach E - GT - Demo wagen *,unknown,unknown,GT
ford,mustang mach-e,15826,e,12-2023,56990,expensive,128,AB Automotive nv Sterrenbeoordeling 4.5 van 5 (19),BE-1800 Vilvoorde,1800,https://www.autoscout24.be/nl/aanbod/ford-mustang-mach-e-rwd-99kwh-demo-wagen-elektrisch-wit-d0459c2a-1ce6-4aea-af23-b74dcf61c3d2,Ford Mustang Mach-E * RWD - 99Kwh - Demo wagen *,RWD,yes,unknown
ford,mustang mach-e,26359,e,02-2022,54990,unknown,129,Garage Steveny Sterrenbeoordeling 4.5 van 5 (12),BE-5004 Bouge,5004,https://www.autoscout24.be/nl/aanbod/ford-mustang-mach-e-76-kwh-awd-standard-range-elektrisch-rood-fc1a110a-38c6-4f8a-ac0e-dd4b43e4c7fb,Ford Mustang Mach-E 76 kWh AWD Standard Range,AWD,no,Premium
ford,mustang mach-e,10,e,10-2022,82618,expensive,130,FordStore Bilzen Sterrenbeoordeling 5 van 5 (23),Christophe de Schaetzen • BE-3740 Bilzen,3740,https://www.autoscout24.be/nl/aanbod/ford-mustang-mach-e-gt-extended-range-99kwh-elektrisch-grijs-986b09f4-9afc-4ef4-bead-8f2fefd5889d,Ford Mustang Mach-E GT Extended Range 99KWH,unknown,yes,GT
ford,mustang mach-e,3560,e,10-2023,57990,somewhat-expensive,131,AB Automotive nv Sterrenbeoordeling 4.5 van 5 (19),BE-1800 Vilvoorde,1800,https://www.autoscout24.be/nl/aanbod/ford-mustang-mach-e-awd-99kwh-full-option-beschikbaar-april-2-elektrisch-grijs-ac55b2cc-43ea-44d9-b702-e400a27e8dd8,Ford Mustang Mach-E * AWD - 99Kwh - Full Option - Beschikbaar April 2,AWD,yes,Premium
ford,mustang mach-e,40000,e,06-2023,54500,expensive,132,Van Mossel Fordstore Wilrijk Sterrenbeoordeling 4.5 van 5 (5),Leo Deprince • BE-2610 Antwerpen,2610,https://www.autoscout24.be/nl/aanbod/ford-mustang-mach-e-premium-rwd-99kwh-599-m-technology-pack-600-range-elektrisch-rood-776e8db2-1655-4abd-8293-dc965a411c3c,Ford Mustang Mach-E Premium RWD 99kWH|€599/m|Technology Pack|600 Range,RWD,yes,Premium
ford,mustang mach-e,6500,e,12-2024,60000,expensive,133,Private Seller,Not specified,4845,https://www.autoscout24.be/nl/aanbod/ford-mustang-mach-e-99-kwh-rwd-premium-extended-range-elektrisch-53a75bd8-71f8-4318-aaa2-f03b5aa2b362,Ford Mustang Mach-E 99 kWh RWD Premium Extended Range,RWD,yes,Premium
ford,mustang mach-e,21,e,10-2022,72500,somewhat-expensive,134,FordStore Bilzen Sterrenbeoordeling 5 van 5 (23),Christophe de Schaetzen • BE-3740 Bilzen,3740,https://www.autoscout24.be/nl/aanbod/ford-mustang-mach-e-gt-awd-99kwh-extended-range-daginschrijving-pa-elektrisch-zwart-8670f58d-6095-4097-979b-84c12e8194b1,Ford Mustang Mach-E GT AWD 99kWh extended range Daginschrijving // Pa,AWD,yes,GT
ford,mustang mach-e,13979,e,04-2022,39950,good-price,121,Rene Berghen Boutersem Sterrenbeoordeling 5 van 5 (4),Steven Berghen • BE-3370 Boutersem,3370,https://www.autoscout24.be/nl/aanbod/ford-mustang-mach-e-76-kwh-rwd-elektrisch-grijs-5d743d6e-0fda-4220-8f1e-64e0afd5e01e,Ford Mustang Mach-E 76 kWh RWD,RWD,no,unknown
ford,mustang mach-e,12615,e,03-2023,49500,top-price,122,Garage Herman Noyens Sterrenbeoordeling 4 van 5 (50),Herman Noyens • BE-2440 Geel,2440,https://www.autoscout24.be/nl/aanbod/ford-mustang-mach-e-gt-extended-range-elektrisch-grijs-7f3c9532-3c9a-46f8-8999-30b7db9287e4,Ford Mustang Mach-E GT extended Range,unknown,yes,GT
ford,mustang mach-e,11110,e,10-2023,52990,good-price,123,Saint Nicolas Motor Ford Sterrenbeoordeling 5 van 5 (1),Marie L'hoest • BE-4000 Liège,4000,https://www.autoscout24.be/nl/aanbod/ford-mustang-mach-e-99-kwh-awd-gt-extended-range-elektrisch-rood-148b37c9-1fec-46e1-be76-ff2b1aacf6d2,Ford Mustang Mach-E 99 kWh AWD GT Extended Range,AWD,yes,GT
ford,mustang mach-e,41200,e,08-2022,44470,unknown,124,AutoScout24 Luxembourg,BE-6700 Arlon,6700,https://www.autoscout24.be/nl/aanbod/ford-mustang-mach-e-mustang-mach-e-awd-gt-elektrisch-oranje-e85ea9fd-a3f8-4aa5-a3ae-514c4262635b,Ford Mustang Mach-E Mustang Mach-E AWD GT,AWD,unknown,GT
ford,mustang mach-e,21207,e,04-2022,38950,fair-price,125,Van Mossel Ford Brasschaat Sterrenbeoordeling 5 van 5 (6),BE-2930 Brasschaat,2930,https://www.autoscout24.be/nl/aanbod/ford-mustang-mach-e-standard-range-awd-premium-elektrisch-zilver-62833a62-6e72-4287-a59e-29a2292f78d7,Ford Mustang Mach-E Standard Range AWD - Premium,AWD,no,Premium
ford,mustang mach-e,18125,e,12-2022,45000,top-price,126,Peerlings Automotive Sterrenbeoordeling 5 van 5 (32),Peerlings Automotive • BE-3900 Pelt,3900,https://www.autoscout24.be/nl/aanbod/ford-mustang-mach-e-99-kwh-premium-awd-elektrisch-rood-cba4e8b8-06a4-438c-b42a-b656445ff2a3,Ford Mustang Mach-E 99 kWh Premium AWD,AWD,yes,Premium
